temperature,humidity,hour,is_weekend,consumption
6.854305348131312,41.10797573031718,6,1,207.2562900910771
32.78214378844623,62.514056842701486,2,0,212.2269259329226
22.93972738151323,82.37675015258449,22,1,282.7282340730127
16.93963178886665,73.93349318457368,13,1,216.8493770393262
-2.9791611800903564,78.39366887168698,23,1,306.63876891534403
-2.980246584870881,69.52700200264304,9,0,247.7809889712838
-7.386237452431024,71.53659387107115,15,1,296.5315132171635
28.97792655987208,80.95173909391916,15,0,256.91128031650777
17.050175528444395,44.98008053155115,21,0,301.4841481199256
21.863266000822048,59.36549781858843,9,0,239.58178632315287
-9.07369775668889,43.27256650917613,12,0,317.5627354244954
33.645943347289744,89.26008047979883,5,1,180.44034498845087
27.45991883601898,86.64356038119679,11,0,269.26529573816003
-0.4447400194775728,32.365608682110356,8,1,225.0468708324865
-1.8178764756804728,72.33451035094131,12,1,279.28524118841233
-1.7467970565954776,85.51489904493995,3,0,256.79078968981884
3.690900933179197,40.83452070764001,23,1,317.925138911619
13.614039423450702,64.07671383315777,10,1,191.83236543541312
9.437525838895208,84.92929785528251,19,0,336.170462639317
3.1053113089118867,32.03675871514793,17,1,243.36111826424417
17.533380262507077,71.84521603481039,10,1,212.2312943319453
-3.722776270658118,47.840940442353045,20,1,298.0458486306792
3.1465091840848167,85.46377172259182,3,1,221.43315283288484
6.486282948216125,88.26349470992207,17,0,328.4987431379879
10.523149289766618,86.65598934680604,0,1,166.75090157717455
25.33291826268561,58.45285299944783,6,1,202.9625025748841
-1.014679802873811,81.72255905935882,5,1,213.87359246057497
13.140549728612523,80.67296391210422,14,1,239.11635100975533
16.65865559879191,49.146028394595334,17,0,294.15348187161226
-7.909731427600102,79.73492844904064,23,1,322.43124374450184
17.339518335564726,32.220458082929554,10,0,244.72486414655506
-2.3264144340718813,65.77619270892319,19,1,259.0287075560776
-7.072678315662422,43.80053023726218,23,0,351.77414933491315
32.699849176399994,37.23401314663673,14,0,242.8347110014016
33.45344148835517,34.61719209775255,15,0,234.48055574987927
26.377880665240752,71.77732655268838,6,0,195.21070288201122
3.7076196128016807,50.39249782608397,20,0,316.4426955716154
-5.604754869712726,73.48600629172569,9,1,249.58952755345268
20.79048619304706,33.92138044793654,11,1,195.26652607944027
9.80686221828206,48.91742026983662,23,1,257.2057998410078
-4.508279431984953,62.36947754252023,13,0,326.8681680289913
12.282960955007159,77.44338989033781,4,1,190.71433059349258
-8.452516549815172,49.12515017592419,20,0,333.9082799688414
30.91941809354519,67.55348258622055,17,0,236.2554993345181
1.6450991720007622,83.15866489417124,4,1,243.03451391955758
19.81350279592919,66.95179129093827,2,1,166.7573924755645
4.026998424023493,43.97756848521803,22,0,327.4252288626868
13.403060953001486,31.464046893392283,4,0,232.43849368944367
14.601962570447583,82.2059324340558,23,1,284.0554592906072
-1.6815495013512827,31.27616465102323,16,1,272.6090813883367
33.63130824940514,82.48210036105196,18,1,209.87420596730112
24.880977051250156,61.73622804163272,18,1,251.81144830751083
32.27745237038851,86.34406191077377,20,0,318.33948489759894
30.2672307692442,77.92699414641993,11,1,199.8563982110732
16.905499046498832,89.87604663200025,8,1,236.36299905072786
31.48434057604026,51.04270892710261,0,1,165.80368338239765
-6.017837407663622,76.0312973358676,17,0,328.21977720861895
-1.1807711911384668,54.11585481655453,20,0,323.766159907237
-7.964771999025787,58.79253721823453,3,0,242.86902042017138
4.6398648843468955,67.6503277931022,9,0,264.2194142422537
7.4904780360266905,82.42062685118032,6,1,207.7441980174608
2.2107064298253167,89.04500815195772,21,0,332.71977795483247
27.293187911836817,76.0964048318711,22,1,285.0909499988507
6.053899701211517,55.066006930040025,0,1,166.60326353387885
2.642052935932135,55.281420136624206,16,1,267.5554593852082
14.421323742121182,74.25493809533349,23,1,291.06898496272856
-3.658409876135681,44.32662874609814,1,0,255.12234762581943
26.098864133931784,36.62844678788368,10,0,221.61858371221896
-6.645221034410313,51.27732945844659,8,0,281.3237169806536
34.40991214702328,47.2343394992449,6,1,173.8683470632292
24.751014618349586,47.778487227359406,21,1,274.108965795964
-1.057794330962242,44.0164650629946,16,1,255.8286238522617
-9.751504729437892,32.525591378181716,16,1,261.621665752262
26.695764280467536,31.072436084004828,1,1,124.56585581190033
21.80858047314277,89.26334338416189,5,0,270.4632952950904
22.805322561844427,55.66638802415174,13,1,239.39229674201505
24.70716560086756,53.0595988295809,5,0,213.83603009880846
-6.667990671965933,70.77883696158419,1,1,239.36299175564687
6.130957784492267,43.09523327190385,0,1,170.82322904372865
-4.785892321369163,86.99767103701352,9,0,306.5438310720634
28.839654164401708,77.18070086493313,20,0,295.4834477117048
18.048415707240107,35.36466013873557,4,1,176.5767882847647
4.890411118369213,55.0548465470957,1,1,189.56822823399722
-7.139874237128936,82.74709845372988,21,1,310.7085799819086
3.9942044772048,86.68392133748462,15,1,288.73813202421536
4.6332494912036175,58.044090674992184,1,0,237.8114573659492
22.832278025212887,66.80468335264246,9,1,219.56934354102407
18.69008621098459,40.02203676552451,1,0,201.77929684877554
29.924573415934695,89.4701175682186,15,1,221.24965043355022
11.249671632287718,43.90030208300661,15,0,305.7164345914373
-4.618258932776423,86.56390644810753,18,0,336.27099811970703
22.09601542503478,68.97879893954212,6,1,196.80638176074513
24.235327187760383,66.46420769273155,21,0,311.4098334470592
15.257473890627331,60.76131066099052,11,1,227.85577023781855
24.693523097955243,43.84018870306552,23,0,313.611065023054
12.220801836397584,40.591681920330494,14,1,248.06530704031633
13.522977322189732,43.22917254421052,7,0,232.95761774311194
9.239345826134734,41.18629572865527,5,1,216.11613925446025
-8.856139296515718,76.7750684140052,9,1,252.6681898393572
-5.1448857853013,51.0075155500038,2,0,248.27232218616567
-8.58568664409696,33.47056059380378,18,0,313.7986375089838
18.63846850687012,88.14615780844868,16,0,286.0132733041573
4.1460191484347,83.02715309780554,6,0,280.9574141581137
12.885681102411624,85.66513699171279,20,1,330.3325003036296
30.840491326674183,89.69446935878611,19,0,288.160099364577
1.2181503116993717,40.433714953169236,3,1,211.61945562920673
8.46723153660334,53.77452113415953,13,0,274.29774357167184
23.999801234437193,75.49430854224548,19,1,256.5901777666269
0.29591744712300994,71.76123708322754,21,1,326.80049895440436
-6.5359040577043155,39.233754380391304,14,1,243.31770400062254
3.0388153811195604,78.94998749943707,23,1,289.84438464869237
-2.7450420735698007,43.46643431019964,7,0,259.5428005340073
31.83639435541579,43.42905688935738,20,0,283.91477733062015
26.365417080398764,62.218465373604815,14,1,228.5161056414175
18.503169042969056,65.57639609050219,21,0,315.4436321161925
29.215726558447294,64.80517247026867,19,0,284.0909761201371
26.165243460460154,35.489210243865294,13,1,215.29484033600122
-1.6043473501283874,82.64765175782281,8,0,240.02526027342935
30.165154932049,45.93600255532236,7,0,201.45818930327158
14.270400886204282,37.77089527696825,16,0,276.075660169926
26.334806982382815,83.32488479213863,1,1,177.72825390903273
30.324108496557194,87.3390898937852,23,0,335.5298593030853
4.310156373733875,81.72765703592704,2,1,191.12209833485562
-5.047663396254546,78.57096448349269,7,0,303.71315671917665
0.2570823143873753,69.3145188383413,11,0,282.4832109095692
9.219850488181535,63.05144223654836,0,0,215.7472986412916
26.810664466512193,35.21920559468461,9,1,191.11509387953825
28.732876246535454,54.50719278424192,19,1,236.10574083271618
-9.687154126096418,52.36131102073884,2,0,267.3631507995088
12.983628615990458,45.585227025619574,5,1,182.24810841212695
8.783495141695056,73.40520682131509,6,0,247.68433582890998
-0.005148528817139564,59.75254410472625,19,1,300.66369415872884
-4.606058469984274,34.862772954458876,22,1,282.893608358191
5.192682713163258,43.21099211698868,17,0,302.55040841849933
32.43093667606336,70.99552581957576,10,0,211.9441178802855
4.544131940933985,34.56785156941801,18,0,327.7623181542259
13.345577978451473,81.07241484292612,4,0,258.6161194973375
21.635853150283005,59.70879162083846,18,1,288.652224078706
6.363332107068228,58.83519463959888,10,1,249.94805513089287
33.73019372244323,65.54446707957106,23,1,240.23218951211345
33.310128272395005,79.48085795550895,11,0,254.80498447157083
1.3302033121413874,50.86855247413158,9,0,254.66883983552665
12.376182765157346,70.68096915354381,7,1,235.44677303483235
3.5395239417546343,63.94391783974746,23,0,325.1455686875782
2.817822246986042,46.02169621016528,8,1,201.5467914710066
-8.340087369046024,82.71779918130949,3,1,204.7218588387735
17.430395029095358,77.8455612964157,4,1,185.45149078561977
12.620556045298766,69.50711007950554,20,1,265.48055360005105
-7.683456193750479,81.03490374565452,7,1,228.117899575864
2.5390908906475147,82.03765205758813,22,0,377.0573262564756
30.87196486849942,72.50177860290208,8,0,237.89115244450156
0.7802850800137584,80.22079970182033,14,0,315.1234903287402
-3.479730755894961,71.84828770015702,14,1,294.98120627263984
12.025374212490334,70.80844630561802,15,1,256.21002871471757
34.35427043497703,67.11668269291106,13,1,195.7967326714129
0.8924872180175178,75.16299837345846,7,1,205.7396222219381
20.246099633264535,39.51630631758442,17,0,262.3131428237444
24.27288268979229,82.85224555193571,9,0,272.59803274890635
0.6936894796579853,82.31061166471392,19,1,276.28472987757755
22.769735687533682,31.75483698207355,5,1,172.01972352970438
6.550240972366396,79.54900503388576,11,1,260.4580182046766
18.453762376711076,37.73219204840671,1,0,200.4656250657855
18.50883698424026,50.10713125554851,6,0,233.2750600832726
14.10986078336413,74.61049537749646,15,0,300.9745152068034
-5.936960347551627,39.64559376289849,2,1,204.41745048011643
27.58861230151571,79.07802144714373,12,1,242.29220485839753
4.435102923728113,79.92805067746451,2,0,227.70699502972593
-1.606667032006559,60.44806402565017,17,1,281.24040571341675
-8.165118630035623,30.383152303010014,10,0,250.16564758660124
16.59018244347088,47.22228799049476,7,1,162.619677522243
20.490396282902708,67.01561510254453,5,0,226.54714766413844
-9.253547698246473,88.87117068164541,0,1,226.46660042236374
13.044187623467643,67.9088116210001,0,0,238.84814103386205
0.1923098839072086,45.588214863849586,22,0,368.8025186012209
19.032775568425244,68.04034218597668,7,0,260.2689178003327
-2.1535106947753855,62.39912278295133,4,0,265.33731359960916
21.092198214610967,76.79072370906862,15,0,284.1565373692251
7.4030905835241825,36.4188383296175,10,0,234.1363623417718
32.152849493153056,75.66167415012168,4,1,167.4110137492043
-3.8115575134303032,62.47599472056662,3,1,231.31098489930218
5.347985797261632,87.77952023153968,5,1,234.34200926029797
-4.893691544173492,50.51232996232116,13,0,278.30169009717656
31.61121282253532,67.9573135880369,21,0,300.77222226909265
29.48027090214415,85.92168633060105,18,1,256.66632899010017
1.607373247182002,36.15058367944076,8,0,260.91258377066845
19.699282071538057,86.23370923418707,11,0,268.1500981791265
26.77499900905471,71.27314333804881,10,0,255.45783265960523
14.984036521975806,34.07022354631032,13,0,270.01875257387746
13.83427602602029,48.057814016808976,22,0,303.655611487903
0.8833530905203251,72.4903253187169,15,1,276.74534394430935
-5.810375448734535,34.041036088126305,0,1,182.89515410595675
30.374709107899704,64.9302276105764,12,1,184.59454212724498
30.518812572349873,50.752983417177404,22,1,241.17416732449144
18.489565577297057,67.25493106604863,20,1,242.43777188689737
5.25634059719153,32.74452202875077,20,0,323.1891531446397
5.71443085756974,82.29220836914257,12,0,297.9127985615315
22.668005549160775,88.4093381506438,1,0,209.87030158349157
30.369961697865968,88.13267131714149,3,0,234.81921326110154
29.918889091930282,74.97910990457548,5,1,178.6310849281098
25.094399563593072,37.80517440783792,22,1,229.79264651902622
18.89142407694295,75.49579175574135,4,1,182.8185816596991
-6.213701575222803,31.47521498752809,2,0,259.55097266569766
-2.72670786574238,31.327413091739835,0,1,169.71163396814634
30.434938483718568,49.41661314897247,3,0,198.18421818027585
17.289307684681546,59.318591424279944,19,1,269.8834835528372
-9.586132677251666,76.22444506846759,1,1,226.34064881843543
-5.433780571028556,70.9977225963903,4,0,300.3914291391095
19.857579609862512,56.7541623826049,2,0,190.94616292265965
-9.77222872692016,46.41759997689995,8,1,221.72019687083818
-2.7636376862125607,89.82747000946267,19,1,286.6628748275182
14.693020521496376,55.57087813415838,5,0,226.30713196958135
21.135283896171195,57.08322145978053,17,1,258.3293457083703
19.338256677617025,39.81742927150015,5,1,160.42531092237687
0.09211892572518998,77.68857292499575,18,0,345.4065156630691
22.048064960639117,71.62093354688932,11,1,218.26526938140205
0.6762089373560034,43.24617676732562,10,0,253.97382457946495
4.642986417167048,34.94286273695056,1,1,149.23640239420686
23.592113230311085,70.82995812448279,14,0,247.11325180963487
19.23348045712466,69.27067285686812,11,1,210.7973146192382
28.215053472238004,46.395571619892564,11,0,233.33793796543947
19.592580153515453,87.05181373502462,8,1,234.3279812881959
15.573887150096223,39.06347350685401,20,0,308.15722921110626
-5.784635447735838,55.940088062556114,23,1,299.0628784216773
6.547211137674509,86.61695521005593,1,1,204.61764014909872
1.9341065456776452,55.18363901556734,21,1,314.4638537271508
0.9795339520587607,68.31155685984513,2,1,230.79523881728494
33.785474963860054,53.855663877767654,11,1,186.5335293197898
7.689397610004217,46.452912140920205,15,1,261.0666861010288
30.1420949829701,89.0386588775897,20,1,280.15551746765703
18.40123816987683,54.560040378902585,23,1,252.07208408696027
25.766508659374182,83.64595222074806,0,1,155.4871068139173
12.618669189733644,43.79727635346517,20,0,336.2709154084811
15.960674808186159,42.786282241505,2,0,202.9365872566597
12.163296221848874,31.86804497307068,19,1,208.75480768324556
-1.214065549087998,69.10000952255311,1,0,239.5566759291077
22.510345186767736,52.11158062342567,8,1,209.15965501829913
2.6347563098385116,81.86149499037822,18,1,287.0762695824448
-8.905781510584577,58.392594401493426,14,0,323.2854286686331
19.04625331582255,88.09160567488331,17,1,274.54975282854383
-2.030019426682798,41.13153094218727,10,1,228.28673283963363
32.320636295881144,82.11739007733664,22,0,294.78684579863096
32.92678596511643,76.59581116750451,15,0,266.2093412753917
31.168897559920183,76.25531067864313,21,1,259.04099284338946
6.6571415114949986,80.68699368701326,16,0,311.1689368739687
-9.304452256200966,75.66143945657993,4,0,273.21474595282837
31.77433531644764,67.57321929788492,11,1,189.89691465495991
9.268286674279146,37.87469266094325,10,0,266.28921997026714
33.49946685696513,31.951570769475115,14,0,244.71506430598436
33.36289896901638,85.2508708689412,2,1,142.54096148141417
28.385425496031203,66.99901887124429,0,0,185.08393643528584
3.250200143131355,77.79223745857058,19,0,330.41701660267995
7.329397787086638,58.891341090753,15,1,245.43687883060392
28.301150218258563,37.038491337743665,1,1,150.62810000530087
4.261490232032495,37.511147532153025,1,1,176.36010034117072
-2.372826399125838,71.13391723373829,2,0,251.66228615738572
15.056056810625758,55.818353693967765,7,1,194.31445201879913
32.12696483723514,42.0314836020202,23,1,217.92701219399814
21.321340850373787,59.49567280448621,14,0,237.0106003032457
15.652752654021423,33.85253622450804,6,1,192.2912823316023
-5.627057780315416,64.91828411486392,5,1,229.90340987524598
17.675325201462638,46.13960426610586,8,1,203.13674742612523
34.552423254691846,77.85354603823129,19,1,244.11523076802155
-3.6962193143564184,48.621717535414426,0,0,233.07369878984457
13.324834356368154,57.31320894490807,7,1,218.20470354218364
29.481788236757993,30.697232394486036,22,1,247.79522442812726
23.334587798939197,34.34681326767353,22,0,307.7851651900197
21.36570834478706,53.549613384401084,2,1,167.2981717934189
21.611783779419916,58.796330083027414,3,0,207.47476326458727
6.177101804888984,66.00123288715822,14,0,296.6480066685893
3.211632991902201,47.499754722558194,5,0,231.38975965111632
26.421251996533115,71.69891316759255,14,1,220.51987465531798
26.455102760563136,81.60734383135227,20,0,303.784587404432
29.01825433610467,76.791059333601,2,0,207.33292314115866
31.09582486504121,32.37712952090143,20,0,267.94854426284405
13.010407948742202,58.830416835469734,20,1,249.07682584200847
12.568233260923982,36.29581070509049,13,1,233.84169865746998
25.923283053504882,44.522700951751645,19,1,250.88985199461172
19.24837688499943,89.19975559602878,13,1,265.38266989929883
21.588509476596652,38.5497325740908,3,1,168.5187420209814
25.81067012462455,59.933289207081366,11,1,206.2725669294761
30.05024038179048,67.08934405908715,16,1,213.2738688127056
5.209782058319112,72.14789823264624,6,0,280.6395440692603
6.901232868797482,63.578921009214845,8,0,265.15510585452154
-5.770812707160895,30.58625084515102,2,0,236.8499420906987
16.022606344827828,49.58767849463951,12,0,256.94908675739526
-8.382597679146606,61.06269860308269,14,1,268.33570232373836
10.951910815960709,35.27198994869,17,0,296.53212976116663
14.419008561840947,51.037615872550845,18,0,278.5686857536351
2.894356345772799,31.992186527481994,0,0,236.0360366324635
16.587496725605483,34.71470982930124,5,0,238.58900668931796
-8.627488752742776,53.815396572095764,22,1,304.5380082121557
-8.319331506285351,37.96294524258362,1,1,183.50250139262417
27.01702522968462,64.05245089569348,23,1,236.2725977779886
6.20857886350683,71.36789814823595,13,0,272.5998726915943
-4.2822769306651844,78.03520194654497,5,1,241.3896887625134
13.500946702466198,42.009014654688606,13,0,270.4832151571548
24.64970988943749,40.04895493554419,3,1,165.45471611320718
-0.2880537626420576,36.274070420064014,20,1,250.88542132413264
18.030071411855012,68.1858149726182,7,1,196.1105660669866
-6.15936407528044,72.38854358921407,2,1,235.94241000175893
-7.674322547412654,31.895168689538522,18,1,276.01865708609796
13.910958420566661,86.17273477462139,13,0,268.13550873710096
14.328580472454792,33.118277019088346,19,1,248.39223283821843
18.684345567419296,62.47778011806423,16,0,271.6471104324244
22.674110017519773,72.54363116705498,7,0,242.2658364564288
33.91334357581406,82.25814742476513,23,0,305.5672390319772
13.23351567355379,72.84521592794567,13,0,289.72178441487654
4.533041282356068,78.10368498418751,5,0,238.98342616708294
25.783378764591667,50.367011552568364,22,1,249.77768909942017
2.1874513067933403,78.88950682479074,21,1,317.52009157319196
9.753713931753623,34.806890783080505,15,1,217.45867367737762
-6.469462839598032,83.68899936363167,18,1,286.5020137006132
-8.859216546304411,62.85554256922418,13,0,312.70605575394967
33.31917866050663,79.03786619774962,18,1,243.84111269437176
27.619105423049263,57.13909707109801,2,1,149.8081427598336
21.31883927421641,68.6146617117915,9,0,243.15257870498837
8.402882498642146,61.58415965616679,18,0,316.1861395034548
-2.2017555968119398,73.89537130531991,8,1,252.99484407427585
-2.960333079801128,34.897798921835374,19,1,260.85107410127296
1.2609304174067901,33.62112503943383,12,0,280.383959703026
14.715199911775422,44.82619404060878,6,1,213.0205371527271
22.156816521502805,39.5726808067913,13,1,209.81273470072446
19.708881952297908,82.3070139955321,8,1,195.3925967624914
2.597025362567427,43.15283924148266,22,1,270.78950294448197
32.96893762984374,88.55191534914788,18,0,282.41148961013033
23.205361251309583,50.213747506266415,14,0,275.83654144918313
14.945932363013032,40.927074941321955,19,0,292.4333011784421
17.52743358054585,77.38191042854875,13,1,240.23828454204454
8.882002809250547,69.52246653005257,23,1,281.4931038185434
1.1478945275520864,59.89174298718834,5,1,227.97079419691423
6.018770539306772,63.321813056257874,20,1,265.4478721516885
24.103074970896607,73.15210669633584,3,1,167.8539936277485
-9.352293011660986,43.70728447987793,7,0,280.3308046881249
-4.776731177188769,89.78003496340452,16,1,261.4636417726864
-7.929881109021126,88.487589728807,8,1,258.7480337732208
-8.167203895646344,69.01954118081622,0,0,231.17447293800092
28.495726280495326,41.972547055748706,23,1,253.49092509076806
21.664603672101066,70.81369454587748,19,0,292.6291076491081
11.337822308929635,34.33190453875055,13,0,296.7467411862081
-5.597462770704934,31.839150132348365,10,0,268.41895138423297
12.122714380257456,45.46097331067282,20,0,332.1861856782004
11.306229685125455,57.75737740435898,2,0,230.72362854224193
-2.2059158540493167,82.09635032450282,8,1,232.33516438237945
9.523324215708787,73.63014418597848,13,0,292.49224964832246
7.932713047881805,74.56239127199886,8,0,260.8159798691096
17.71325441234974,55.52960006688452,3,1,179.82728077603616
18.57921428904397,50.75609955281777,3,1,161.80086353134394
-7.961319560257997,52.262325779076164,7,0,298.42580673011446
6.857567658191204,89.25897382416346,1,1,213.22410678674578
18.16369620714064,32.406551484748945,8,1,189.43445495408739
12.641131636103946,82.02188976734692,13,0,312.98596895056056
28.542042853474506,64.7205245143436,21,0,295.66138663820277
19.641213422852527,56.31692515137543,8,1,215.16101691432638
-2.667950781335664,73.51545962490819,23,0,356.33416479729397
-6.824406366980657,59.200136485482176,22,0,355.74499171537076
18.908867519284204,82.40539428489964,15,1,246.61781414938181
-8.806991025627019,84.04211184067552,16,0,336.6610627668873
16.35990115730585,55.30325561240733,15,0,280.6697539760649
32.31036086412309,46.60966783410309,11,0,219.793315133541
15.896338004414552,65.54101971560173,2,0,212.90997284733274
7.4676466792934875,84.74180073700145,10,0,277.91810510226793
18.947969829905894,42.63973134033999,13,1,221.34357617734562
10.62138007211825,67.37799501380897,17,1,262.2982421061751
14.552755519217072,67.89361320555123,20,0,329.7131613313356
32.36591639494363,73.98678134491686,20,1,261.15129086473763
7.374618701034841,37.894061107635586,4,0,224.94018916188494
33.25357537207614,72.94949788092532,15,0,282.3211443441275
30.740778888022867,84.54195123993847,19,0,319.2551166415668
-1.1893989344816607,40.78098653221452,4,0,211.517197243998
-6.8787414606175545,44.25259949543266,2,0,256.4287632146369
-5.464989938015801,88.28370564249838,11,1,256.9445747683004
-9.180017845680263,40.85861716256939,0,1,206.21055566965455
-5.750066765983222,81.26310560217475,20,0,367.8302220597586
20.735304803736057,59.53667138688209,8,1,185.5104895701787
-6.796510819289695,44.833864464190626,8,0,244.82679197579344
4.353903363219258,82.24499407635068,3,1,222.12315331658442
28.019388993625455,56.71831530015993,2,0,198.36111139689595
-8.952762891887836,60.88904123578141,16,1,258.847083647183
26.651081716502112,51.55400216398594,1,0,228.74384608918217
2.683464864802996,65.57705108609565,23,0,353.1296194296916
-4.682582757025468,39.81143235510137,0,1,196.98109091496616
21.35317244138678,53.46489219910564,7,1,210.1899537259034
18.30242810509478,88.16473934011725,12,0,267.9163682197189
29.48624060871738,45.48800596206765,22,1,250.47145374928792
23.07819697117486,69.40419987247753,14,0,250.29497577278002
26.156641867318186,49.511403853481696,7,1,171.4015124164858
2.6915557657087916,76.40838754119605,11,1,254.95176012907342
-2.0152205299124732,37.85241964310099,21,0,301.96977060943243
23.777663823838623,88.18926270471269,11,1,213.8837924314272
26.30756326702688,57.22737248301836,13,1,200.23333194190306
34.5727313900303,44.16302780078784,14,0,242.35380049965366
8.567795461014192,34.409804839800756,14,1,242.97372815335933
6.740813860675242,40.18547430525244,8,0,261.1138084272602
24.938583233389856,61.186436913361064,18,0,298.167593278268
5.336159311385803,50.22019058587718,19,0,332.68760902444546
31.88407965216041,79.73300195295657,21,0,306.14906330348873
28.62857383293553,55.85325141970836,7,0,248.29380344386715
9.304731231875827,44.92285635525779,20,1,270.2968691487854
23.78919805061738,67.0286991962418,18,0,285.2307352084366
23.954429333810708,72.40663301312675,5,0,234.3812829562479
-5.359425902383032,40.02251447405699,19,1,279.80422846571423
30.6148808005805,40.05715297729906,18,1,251.8947262194045
12.736356760153573,32.20028561601258,3,1,188.9603597648041
27.190585974848375,74.18412090393844,22,0,317.56035365268934
4.402232046377529,69.8282716573083,6,0,260.2820779197081
30.298545282329023,58.477852544988835,3,0,192.67895077777794
7.51407554303734,80.65022693815183,21,1,304.57387522303634
-9.512305683386574,78.34020917700319,11,0,291.5321013358771
30.742188938866867,65.12126186380513,12,1,229.46280052521757
-5.89209954462399,82.09627683079552,2,0,257.22173715155316
4.3691136915686695,42.350472602206096,21,1,284.198166762361
32.75278851728622,36.71517716386367,11,0,210.5843896631032
32.77732161219002,46.18497669101937,1,0,189.77129987401295
15.804704965547874,33.42521136535889,23,0,301.1994240417827
18.432674547640968,61.87017168006192,1,1,178.02450587314598
10.18004848902439,86.19634153769769,22,1,309.18900006997313
3.194484726412904,32.36061244011058,8,0,241.67409742660783
4.789904541646218,37.32659484060161,0,0,194.62550379412156
20.263330523466728,57.13194169700611,7,0,256.1494738114712
23.856853824695598,86.0325010516743,22,1,274.34648427835754
25.621056967663186,48.96936629860503,5,0,214.4258299384923
25.532816425754923,60.43408852130355,5,0,224.19978749172054
-5.895725362808934,32.494371543023526,21,0,311.2852718672518
12.248913711616165,38.90059205772533,17,0,293.0169175137367
-7.409855799251007,89.19780737753081,16,1,297.2005854299615
14.7287997045681,87.90712178616273,11,1,227.20740087066338
9.868872561801965,30.296398856064577,5,0,207.9968508127634
29.94668822412349,87.10870712539435,7,0,242.72260444587099
5.791175564843542,68.34719626893002,18,1,292.40251491012293
-4.731984260757736,82.07509767120132,9,1,255.81438298762933
-3.5653743076223865,57.28439133803155,0,0,212.47327700270404
24.267978427286252,60.93576171475502,12,1,198.2059209588272
17.81981284923175,59.33079481541521,16,1,236.45382249399918
-5.449479574474439,70.01185545276627,2,0,276.64944320550603
-6.215193724825116,38.379075285378775,7,1,219.81106829844393
21.5436109156604,31.798415392360678,13,1,201.55525748071673
-6.725664713611291,48.47579649547146,2,0,219.22412332301093
26.98370266806603,72.2808457641988,15,0,260.8145970283487
21.78090022204233,42.1112071273769,12,1,189.8902079207625
-6.339304871114511,70.40594599949503,19,0,324.6642328425773
-6.1823028661663635,88.19472276643623,23,1,330.1700758848488
34.3987810325529,35.6340429473651,16,0,240.2013868406856
6.842185809025416,70.35612709350758,12,1,270.40720162328586
6.678896618010093,56.62501315827427,5,0,259.46421224273416
26.575980526587614,82.08853526265032,16,1,232.04703777428867
32.62618598227364,40.628987366843155,13,1,182.6229470839034
34.37004787202919,71.55755713356987,16,1,244.96333579370406
23.902018336652375,80.28691737888661,7,0,264.191068526717
6.93168134889121,86.6768531684414,10,0,250.0271809077009
-6.242467748559905,70.99488169737876,19,1,301.2540068311048
24.971611216734658,59.83048584050564,0,1,148.67965147669992
15.128191238111228,67.07083441207283,6,0,250.57993244976862
9.089990416113931,82.1342990687231,20,0,356.5721857726132
30.785947329263117,64.23658479832977,20,0,278.67851611535326
-4.996113296223189,31.82322358181021,16,0,272.4953040152812
12.168129693088662,85.85692173041866,9,0,278.36138182781525
-9.489085985466142,71.37160506189366,10,0,320.7688925382091
11.089728889735682,70.59080314663478,21,1,279.1044115159172
-7.4663525943173195,42.94050914386303,8,0,262.09422126131255
-4.653193767936764,69.53312821395943,8,1,235.1874636782194
-4.7113188950302805,53.63186433924951,23,0,361.63599101913866
19.21446359522286,69.07397862248953,4,0,218.89837979913574
23.57201956694405,36.39558181847944,16,1,227.7711660639663
16.251594429372183,69.47071827618217,8,1,210.77501123013192
33.29776468135439,89.96482354623998,16,0,273.90507056474695
6.8691760785666816,32.892722331633365,23,1,291.66198194925016
2.857043882683733,88.63045105327905,20,1,292.850961204651
29.086960768525714,54.41447764337224,18,1,227.11799926616337
0.06181273337536908,82.24520702023554,6,1,242.99392716005102
33.345014274827506,76.94312904349641,22,0,283.6501632469772
-9.453048638958265,64.02097565920008,8,1,232.98675792570253
33.64454720184376,74.30695255507959,6,0,197.78194110462024
-8.057803962224074,82.71093367808086,12,0,326.17733648152483
30.1014401164132,54.24841929906198,10,0,230.39349495369217
13.746549908883495,49.62198969379432,13,0,249.48694279238592
34.68341582536851,70.05560313381508,18,1,245.80980626349077
-6.679154586907051,78.47075651647552,10,1,250.9209777149668
14.923442798059437,75.73710808659695,12,0,262.40821866365604
33.61861410285945,77.86881893151806,13,0,250.5713099283156
13.539402987656697,56.13499888877598,12,0,289.9392491049213
18.322938716086814,79.0700529705013,0,0,206.12618546367187
21.30869100430777,37.212543322236506,7,1,190.27331811639036
10.454347914549796,62.669345877650976,11,0,281.55935137376514
18.240113603782856,30.345519629887296,18,1,244.46168887936543
16.29414403653951,49.47514979401622,11,0,274.36243358731275
30.552110472094505,51.98769209228387,7,0,204.558940268516
-7.954912884634396,53.770361496555324,7,0,258.16752742947426
2.6433435316503644,71.72803240139173,20,0,315.9545010628454
32.76851678344514,53.31348607622074,12,1,195.33694163344572
30.061870275091238,56.921617357351835,11,1,184.16230339843113
10.504553875357082,44.252647852459646,15,1,243.58260679117407
17.905966901069153,52.39510749776041,0,0,200.49342969314986
2.482153234150971,43.63617763578909,12,0,293.3734585144587
-1.5345478124307412,34.39175542610662,6,1,213.86486405524002
10.866428222299199,66.20691560288267,4,1,190.5615376300708
5.900850261172376,70.09276791330097,7,0,267.3578466313822
16.264525033289242,67.16942076057687,13,0,258.73501253188545
-6.501941336575682,57.80964262803434,22,1,308.08562299851593
33.847766344977494,52.78714681075379,12,0,240.41294239184435
34.37948350158213,81.80001897430952,14,0,261.27054820703347
21.417277130888532,61.144907108173086,22,1,274.67251428179344
14.124336485485419,58.75091265778386,16,0,278.52826136497197
3.928742732884748,31.538523948386143,14,1,257.15661891700864
26.620775886812687,50.474869657569386,19,0,307.63880523950127
20.812902764924566,52.811737127151424,17,1,216.14637224330994
-2.6822377294798914,53.92936685381403,17,0,297.7540700818131
30.99172330222291,64.81034215363994,1,1,151.56383124385138
27.014175931542603,62.016152803612705,3,1,161.63854779619936
32.740996098136584,66.47430556760668,0,1,172.57184472319017
22.6573778774762,75.8929956925277,3,1,182.2571958814165
17.603683817110543,78.7791443229656,17,0,318.87222524170636
8.82093663307785,73.08738457358967,4,0,212.57542904037408
31.972781750930594,87.33142175729608,18,1,257.9190805022374
28.972875027518377,31.093954960581698,14,0,231.35491265013846
-7.965159845221477,41.74667914101276,7,0,256.8479407940437
-8.81348614762366,30.453772498688526,19,0,319.7217450745979
6.940851509512232,68.84848284927618,16,0,282.64420956440335
26.47489988518248,83.88183293699922,0,0,208.87034952055367
34.4274258191725,44.608937794577955,11,1,188.52405466928218
-3.2312399003412313,85.6220726877784,18,1,301.65077991721006
16.73588219084608,33.61604341737365,14,1,235.00966375441126
7.140088548395969,86.06616160833086,8,1,255.04467867448378
33.646147901657145,51.09736123437806,6,0,199.6237930283901
27.89535154110689,36.08524970695299,1,0,188.35985713786326
27.724791712001206,59.15230555117954,8,1,192.38378833261265
11.091192190773661,45.40659406323048,9,0,256.73072634038886
8.666877605194934,47.092374117715366,1,0,221.43483561805505
2.303318236881781,48.43739789557719,18,1,294.6212717609385
-7.463102650708279,78.1815538699598,10,0,293.39027788370294
28.912506931477395,62.34967660051527,12,1,184.92003935498633
26.58054541085349,48.67846194936022,9,1,179.00030632916156
34.987295297875875,66.6200269986551,13,0,257.18807455554486
34.84865766832574,72.96904045339161,17,0,269.5614763539148
14.994426752118237,46.35744004401202,18,1,243.67308978640375
24.60443368312297,54.81294609152109,21,1,239.3523634949315
32.51445784470926,37.313165600216855,8,0,213.2041878590025
28.234132580483518,40.86896097208082,6,1,177.75087574442225
1.130664578443895,70.86707123789897,2,1,208.32561957772407
10.274486088954209,40.88630086173762,19,1,256.2314663301133
-4.187826318182726,61.50980302002361,5,0,264.23626025174786
32.93229622664251,72.54277570334597,20,1,248.98558801007042
17.2778585502896,36.41261538568463,1,0,200.13497383567287
0.288926247655823,64.03873317773422,5,1,198.8214029520966
20.226530798263553,45.393767022081825,2,0,205.31698257286874
17.815770820605312,87.77561251425479,15,1,245.5552029992265
6.117322311477821,59.01273880319548,7,0,270.9396650245274
-4.889908351016694,78.35955298650948,1,0,253.50841864603387
20.22079380167598,63.01359252937571,16,0,293.7077938895173
13.413846540670697,32.60475197128915,8,1,191.65488536889222
24.754327628103766,67.98908253564134,11,1,207.8773422614931
13.407357550039702,87.08420053239942,2,1,215.84483263498515
28.348167514334307,66.09670920877987,10,0,247.0711311591211
14.835807744851849,79.15133156560742,0,1,166.60423617943985
15.242208719092382,83.05238780090447,22,0,342.1174974011208
29.449412119625528,43.68478631693595,12,1,189.66870397761164
8.156728979557865,42.7226903944936,14,0,282.51172379508284
-3.969314719721167,66.6588593310595,4,0,286.8335212080026
-8.704779565899747,54.66170818840229,20,0,318.91878762847995
23.981176505312852,80.39167817200322,16,1,241.58734550153426
17.91392981090591,84.00138740388067,22,1,291.25387359911196
21.68358956446506,51.20528275816309,23,1,279.5477320523541
-0.4166127320990167,44.21223353846892,5,0,229.11252725696988
-3.863283598595361,76.83153091463171,20,0,321.1738368265836
-9.345490044945313,46.48836213288817,21,1,318.6236564137185
5.7764401462968635,79.3568591108207,10,1,230.20754648390746
16.54629590845849,55.42429521892577,17,1,236.45846612681544
7.650982029487956,70.05299395748823,3,0,261.8037690260947
9.686371491067806,35.73211883008009,2,0,214.38203689941568
30.68714125221868,67.43155948059439,12,0,248.8286412771928
5.671496016048515,57.10606072423374,22,0,327.3487946607711
13.129527012191485,65.19650779052844,8,0,234.54423237582944
25.26438557335144,40.0808524646918,20,1,252.27930211323456
7.844425204457156,74.21242469665093,5,0,256.4813323705241
17.993901510254307,81.7678246525937,11,0,271.4234299410069
28.80636689360353,43.00438800544654,1,0,181.5477980731741
32.72842806459389,35.7428733312097,2,0,174.3939998286397
-3.381693358193293,31.418315162780182,2,0,244.46894846189124
31.696443132267248,68.51829002659596,11,1,199.59508436680568
12.145233188579219,66.42564216532685,14,0,284.0340557217863
1.6209974734531265,62.8018447628442,8,0,276.917823494499
10.661109030721757,43.916825766958524,22,0,319.08616329760247
34.101465887846466,53.45435975433088,7,1,195.20912190850234
12.16781422967913,65.66858011117039,10,1,198.16206704896697
4.79382246293787,59.80601153155016,15,1,262.2108836468772
18.50303844425266,89.26713121289325,21,0,311.29492123298513
0.8065528450186878,38.18638515340399,3,1,178.75206528785003
-6.586150235110123,71.70867324285562,0,0,238.87759888342777
-4.200412514020785,54.259126086257524,23,0,349.2503729413864
-4.23793724690024,55.69197689553688,6,1,225.68893045696996
-3.1643787919467545,73.05586593949057,1,0,223.51490792248802
-3.7527772307765437,71.54616907946217,23,0,348.28599294072865
18.839363516144658,89.4753596221313,4,0,240.69695780899553
-1.8153962020384835,37.703657367247516,6,1,198.42096622492667
5.555027749573844,36.246578963049984,3,0,208.06898928641647
30.35547844577053,73.46032902772447,4,0,177.35496223281228
11.328273811829256,64.70321502038455,23,1,280.411295066818
20.040098233446223,46.44963999358835,0,0,175.92023466236262
-2.2456057959266573,34.765162139339196,0,0,205.9919965169087
-1.3469941536098151,35.13949497578583,14,1,245.51293416911287
-8.16091226800845,83.6514524798471,19,0,340.0696614937928
-2.3979221617525956,41.512039483124575,18,0,296.8593345763016
2.536565256438138,49.40229372693125,9,0,234.15867550031004
-2.0345282075463933,43.59938413361928,17,0,314.38615395534384
-6.0083859809324975,51.29977834991624,2,0,255.95487635348394
-4.571385800472964,34.1654305647656,10,1,227.98861929817667
10.735044561472659,61.14358745449622,14,1,240.48259143822497
-0.714982671739337,34.05675381553289,10,1,228.14300865066727
6.392143747163395,78.0213904693417,16,1,293.10423326310956
12.65377718846856,44.02272491462598,16,0,259.5150797672236
21.067767288321438,62.400714876270634,5,0,218.3813606175646
-8.230953707150547,82.80474525368749,4,0,247.9192087255788
25.973467950906922,69.05264214283164,7,0,236.0008960260888
18.25551752709085,61.977467193080116,1,0,206.4460813990836
-6.320843562300764,49.460025186922536,15,1,272.2561596309536
29.311038084804977,49.98011478349187,19,1,238.32033870340464
31.439258023931593,70.1692173118914,23,0,317.78634542560104
-7.251491806531131,89.64836167327005,11,0,318.77341301495875
2.459494166624168,69.71035139096271,5,0,268.62355381044637
26.279057590687756,63.46700504220149,0,1,136.33189578661498
23.671686067264623,73.83903061435477,3,0,234.30954918090762
-1.6965541289630206,57.91233673702309,16,0,300.6655584696211
-0.5792804498480368,33.60854055604711,12,0,267.7001478134359
6.671244625612189,63.73780895267459,17,1,270.92467619821394
11.803534333595959,87.45751707032281,4,0,250.5522309805066
17.821464718863318,40.51817654145958,23,1,252.44903915894767
6.601113780639757,71.40029344923994,23,1,298.1992866770519
10.814062225991655,42.05602131954339,2,1,197.13044707382636
23.636192216019047,62.14966106838487,10,1,183.59549378715246
-8.349255869923095,35.800586978803175,12,1,272.7024659094771
1.3596624954809347,57.02225617549111,3,1,197.8461575732768
22.100731364804858,75.36979973371476,13,0,234.4674803181228
30.28430769592397,50.85429145433892,21,0,264.4997081810399
13.025484895204976,69.89470346923308,10,0,250.95696132578118
13.945106836939203,77.72699764738375,9,1,213.58689905654194
-5.177259489710078,85.63066916876716,18,0,339.01052493956865
10.13355650705546,44.078524911327214,17,1,211.28672574865686
13.967776990476043,53.958954948558485,5,1,193.82987787572998
0.9111726635628354,39.14496079982504,14,1,232.37936377969504
2.1159453927221428,89.5490101295025,20,0,362.45842554968397
6.977787339708019,85.62005807545772,9,1,233.2906972170072
-9.096796100002313,62.39742781683358,4,1,238.9866006344112
4.493562451243022,80.52199766258528,4,0,270.1758898531425
-0.4848396851554906,61.25747863632253,9,0,292.60509749788775
4.737380848006159,67.41514128016559,4,1,198.10539822363626
-4.610704068133695,35.34746592696099,2,1,185.9017866998612
30.07372763329527,75.31622522980848,22,0,299.17292167563664
16.71166040993219,37.66280901811409,5,0,228.30747452484266
20.559604361502032,79.5640578151517,3,0,216.28219331901036
25.512705737330222,76.92168526022316,17,1,243.40284692026253
12.429898951807576,72.52468186457858,8,0,261.7213997496697
-6.088587036065934,32.169622831485725,16,0,291.6443130791238
14.169794381834649,48.187701356719714,12,0,248.31753478067114
16.407850310939562,45.78675419465057,14,1,225.90764340985606
23.544776338294852,51.60818444829114,19,0,285.0996099409779
9.424679580335571,35.25856480583031,16,0,290.0005452324364
-4.258886374199631,86.21746938186376,12,0,319.57536287650464
2.7699157609426006,63.22813444274258,15,0,285.97325127138265
6.338703337938579,48.33145863948141,21,0,307.47640033367935
19.066275859922055,53.818891024457,3,1,158.7487474088989
15.685023710101035,56.83215243029014,4,1,206.07525167386484
6.024352665403082,66.03566000163704,4,1,202.17724214967586
34.39318619568409,60.94076566178987,8,0,219.12254296604414
17.259866871059923,85.16351839286504,16,1,257.5585743500454
0.6752056281197518,59.817808974349816,12,1,238.16104583923067
-5.419788732081832,89.52948088939877,1,1,241.35846632701256
-3.1213387367050585,81.08549746470575,12,0,311.39015665969134
1.0680977773028655,42.51063086144015,21,0,325.247026711435
-2.769338203319995,85.83571287863498,20,1,290.49301742703904
-1.6044839176912404,36.98198387312856,22,1,273.46873043825747
2.8292825912231194,79.04698250947149,18,0,320.6459543938145
-2.198188211736033,52.837397608594806,2,0,229.216104218324
30.354444108189135,82.67845922670418,9,1,184.79589826787011
-6.3894814452261,82.08340140644702,1,0,250.06155257748935
13.60301253066146,78.35552400705727,12,1,235.5268227833981
8.467857214534767,77.40182617842368,18,0,318.1259085743137
34.20703776088729,48.280748345882444,16,1,205.27102546099633
-4.9582494024376444,34.85515698307513,20,1,269.7509421752936
7.903501957058374,54.178810725909685,13,0,265.64033913749853
33.6261694973916,40.41147089919052,11,1,202.9610721419007
28.94782066522911,71.69706533414771,20,1,233.65043637380407
26.7682431927176,50.76598359226713,11,1,205.67836148142624
1.6056272170222918,88.53661205159489,10,0,299.65306014687997
-2.3100585674470384,68.45832464071992,6,0,265.8751180339955
20.088944896599394,79.34883381806165,3,0,251.0584354402094
31.82191951074136,37.95148036451091,18,1,228.76864581155888
15.054330185626839,81.72086893635736,0,0,245.92248491430817
15.722571026145495,85.36543143080365,23,1,284.3328991474605
2.5990592147127884,59.22371512913615,2,1,186.20408759409764
24.62718199363716,66.37517626505866,12,0,264.1598725222738
-1.583031314911448,75.88858805417973,14,0,306.396856439669
4.565565638190966,40.49031763562475,1,1,203.6817917339062
9.144639737738753,60.15396458780654,10,1,231.48552844175921
12.842467040800475,53.919781666338785,3,0,207.02757697411795
0.9084379586786113,38.782439529734944,18,0,281.9763166986892
-4.832342886735841,52.05206533749188,16,0,312.10096811370073
17.477901909873466,34.09033856312961,2,1,159.4914694737561
2.9883748958115106,31.54871441696922,17,1,260.99828371439315
16.155719964017553,38.109977349289366,7,1,207.98176733495688
-3.0536778126608963,87.78690669535044,21,1,329.66066962657544
11.651304583466786,62.97177215370102,23,1,280.3254137166038
13.966524464821365,87.94932966919319,18,0,293.61758711029825
-7.667940842990789,55.94987269980792,4,0,240.96503058925413
5.147192518726426,48.70896798511558,6,1,195.58166963464748
-3.9513395377461595,60.36851177041464,20,1,290.6102919712412
-7.148126328725452,56.37070131797461,7,0,278.483472236553
34.54821045754753,36.33988105570464,4,0,174.3331108880913
4.505923023862534,68.44957888141238,16,0,311.67178447161206
26.44435006345857,42.96229095057598,4,0,207.24522256798588
1.4588294643693729,67.17527729386978,3,1,208.54955268931917
20.667622500076817,69.01206554388921,21,0,291.575254066639
24.210253695035895,39.12149118771889,18,1,240.262765929845
16.803743327352993,33.680977626640086,20,0,322.85391825379133
11.220928484757128,76.84569516410639,1,0,230.27990725861108
8.532841136627084,57.588025426159206,10,0,221.69862449836998
5.699071994434789,33.48982773032855,21,1,291.8094994542156
31.828811491152166,89.69197903018602,12,1,206.561555627874
27.377873350447814,33.466833659782,14,0,279.65229716165464
33.426210979993066,71.7021137315132,11,1,202.45719216625642
-4.406624943150487,89.02073551580482,21,1,290.84979476284076
22.889036384163994,44.350806252955536,20,0,256.87138620085045
32.225320556946706,38.53496212123177,21,0,299.02561166533405
-1.8445120225452936,37.283096365345735,10,1,247.99689100524986
-7.007667968495013,48.196508854055736,6,1,258.0000396662707
23.35042921805266,36.0627486606388,4,1,163.16959778684375
15.851290093096036,71.52968050164792,16,0,291.1399568604847
27.882294954122244,33.73750788780376,23,0,284.30452963034014
-3.7102430518169722,60.56532768898738,19,1,280.9736748033308
25.787029033695056,89.8018112311786,8,0,240.33391874817949
-0.9267705978514957,78.83821617036114,13,0,309.0712139668182
-2.6354825710432976,66.91316629386066,11,1,239.7512951998137
-2.608039093105318,48.3752172471967,5,1,188.06032706014656
26.655862410412198,67.43375017749831,16,0,276.13123098334347
19.933874931329004,61.6224878346991,18,0,277.9174975399546
13.537944114610369,55.565003033422286,18,1,208.88401947069457
6.147371785557613,37.84262260441197,15,0,292.9887644837247
29.47402433658987,83.196252914428,11,0,235.76620438057375
7.660029834018591,56.98707892927935,11,1,241.9303365339728
26.746974776220966,41.6773507092459,19,1,245.28593478803123
9.76107088565983,52.06556105263738,5,0,240.64502437067145
6.9624993241208415,54.84778515173562,22,0,364.432411195034
10.820590355132289,79.65227373401245,3,0,236.52447358472213
3.5620043373863943,74.01686283368412,5,1,212.38083139828362
23.642422107931303,76.15829361848039,10,0,262.870599968597
12.622417554161562,30.661875865718834,0,0,195.5656011699102
0.4495712816067794,54.96923989078569,23,1,319.2176660838928
30.48085579735558,58.88064909811942,22,1,234.68695223939352
7.275104961794515,31.151536609383403,14,0,255.88049415003485
14.459878750129487,45.58879252470206,10,1,222.59172050705007
30.79124499340461,75.6173893873281,18,1,224.14966311347808
18.090709816129646,38.22658234373994,17,0,286.11370554431625
-4.739588168123617,62.1186078871555,16,1,283.71872888891863
32.29244556260638,42.91211232103425,18,1,212.6000635261926
18.246862388213803,30.727246478633596,20,0,293.50088206049764
5.070752659568875,44.472087455972485,13,1,221.11102805186934
-3.7327567301475737,88.55242529460322,17,0,319.8768488485675
25.73113351716332,78.09222671297937,18,0,286.8915970045637
17.903274016783108,87.574598659262,14,1,248.11630559053967
14.005749138934469,59.27124263558174,14,1,234.0724195545713
30.225166237293095,36.584171920650206,3,1,154.45107606248212
25.486874505103884,62.87756933842158,6,0,229.03546913727934
-3.174630412026197,57.26264007359765,12,1,276.3337677800603
4.02749305079967,80.66142496437695,2,0,242.86019269881393
1.1820112916509586,35.88495484705467,15,1,269.08791195381286
23.47758316577046,59.29446822130669,8,1,208.24174205540604
-8.491040436889929,39.00291988163906,7,1,261.6476798455517
15.645035819209244,49.480555613403595,19,0,294.3638537793538
24.310640858331077,74.24142464326798,12,1,214.34937021234254
29.454453654278723,58.56108776212599,16,1,243.96427673330092
5.393678692215836,52.553297108746165,16,0,303.96761909216826
26.956578710240578,53.66857671420212,16,0,285.62430854349867
-5.021571837015674,57.5668061043592,0,1,207.06774277754562
28.090353128053316,77.10099263022342,7,1,159.81353525203932
-4.263010195060791,83.52508133641406,18,1,303.80188261626597
7.877928075216527,87.3200811902357,5,0,261.5113869515654
25.878291460079915,77.2142031753177,2,0,211.78626793449843
-3.25371576930518,48.924413744880766,4,0,247.35913471454742
0.31631278546886676,71.28808236519254,12,0,271.28741908747804
22.501365577687984,56.25618744332351,14,1,237.4886991137046
22.401644144573346,45.28023732276307,13,0,259.64417886592395
18.85164347983838,80.45229476555537,22,0,338.4780326239815
21.2276800010195,32.3055809377395,15,0,236.22993760321168
14.422599950641828,84.1057195281254,17,1,273.025977181279
1.3309576508128735,57.68864787748405,21,1,288.3279973993243
5.556319707676375,68.23208860849682,21,0,332.9383848916168
-1.8281027439358457,69.56123533234697,10,0,284.1753772693639
30.880275260013278,83.70706444239218,2,1,173.68723824337812
16.25263076447542,68.20018093003245,21,1,272.27804750342943
8.038313754363795,66.8360150856037,9,1,210.58181303542085
10.79026116398597,33.999122433641396,9,1,207.1105507526346
32.62775028253169,61.104481316712246,20,1,238.39799717752607
-3.099186859776391,39.010140049022496,15,1,257.90294599724257
16.380342440755875,74.24602612328914,11,1,179.73532725990864
12.76499054980097,60.73331524876047,1,1,186.45871305320935
17.515440594559152,70.8136667525012,8,0,244.41371822421016
-9.185041728062178,32.50037403614306,23,0,324.8054459998908
29.24557590248682,35.087520962748194,2,0,197.51384938036603
31.945322711762557,72.97940328376094,23,0,313.1172034905306
15.430993261514402,34.325060159920405,14,0,259.1062372435658
21.34928707446015,34.27540366591552,2,0,177.83123052846724
31.512472152978305,30.726508514093247,18,1,220.76500704776979
21.825738544102936,87.39008389796881,17,1,257.80302540164416
-3.1357430688582397,74.25050156754043,7,0,290.6938796319343
15.932976207506591,51.19508451012385,16,0,275.0420452208947
17.302177087228515,47.792134877259315,7,1,210.86663383076186
9.085880208607371,50.982193784750976,6,1,193.7584815294279
23.13999060311253,76.47921187087091,6,1,173.34214326263034
32.04651566460567,69.68223666422486,2,0,179.7871035030447
31.650583080804935,41.11173407204808,0,1,132.1438193277824
10.287771713185943,40.44656012004506,3,0,218.80890485436265
-4.904287937166013,35.90373898280384,4,0,250.22621850841256
34.317853953305054,69.61816318208028,0,1,141.97669019430595
27.750413890067037,75.86235973330416,14,1,240.96533677251648
-4.390179345852992,45.90278569950024,4,0,245.620250391591
31.437884717781756,31.25669766185477,12,1,158.5273777811835
29.145336292795776,34.93030004858564,7,1,166.93069525811225
13.347712570673245,88.07160209070183,7,0,228.91255187284384
16.607394608521815,47.72668664864521,4,1,183.02311612650536
7.955121674155862,76.15338887028801,8,0,282.00190690868396
-7.5357262530085904,67.47981413125584,0,0,230.25012915090304
5.083875874065541,52.91637837917375,3,1,215.11072567436634
26.128405186910513,42.341235731733306,2,0,204.62047875642736
-9.791558964792872,37.283185089564384,1,0,256.42613332319735
5.007462726101489,66.900778082332,7,1,223.7826527985332
7.917591211592448,76.47802683826728,22,1,281.47114896546765
14.182802132206529,68.63425521246785,8,1,224.75515582513617
31.39350273857422,61.8181279949495,1,0,179.44979628808835
5.585569746468256,32.517073405898174,13,0,274.64844967479706
5.612894085330247,88.10932665566303,13,1,258.06505730778184
23.187556164938677,77.92285149927447,3,0,236.05052935418266
10.349807340041323,47.56932220205788,5,1,204.21485517981688
0.10721703229918766,88.79821976153104,10,1,253.0297973576312
10.359778225971201,66.11289537817933,2,0,198.24267244703057
-3.6614340829090066,64.94535949243479,7,1,223.4364188726429
-2.062585607219951,74.88439076577193,2,0,261.0994081359821
12.426549773276587,78.70618728540825,13,0,289.91492289848804
8.851645227704655,69.38871643989016,12,1,218.86856136219515
31.168065548064504,37.685744781972005,12,0,204.9919544818559
6.307725460248491,50.296050359669906,1,1,183.61907424182405
16.126475762511955,85.685018419563,12,0,262.7969380502769
18.451892956378867,43.476936710631115,18,0,269.6486820081836
-9.410749453524986,52.330021430250795,5,0,275.37025082715263
19.85918174075198,55.92461297665176,15,1,251.207115583433
-1.988381490861185,56.36429938166713,1,0,224.90419152158088
33.24816428612548,66.77637494967152,7,1,177.84453643146495
-3.3101772511099172,86.58455026468246,16,0,327.1438410192407
8.658085567716068,44.4415627099503,22,0,316.7705914329533
-6.159264936461026,37.290082578055085,1,1,193.49291583606356
34.85934133306763,41.848229391596234,9,1,184.98258661379901
12.598775464905916,83.21549401255618,15,1,247.60071860797527
16.79232577940197,68.74864875931236,5,1,171.3066726928122
-6.981558517520764,47.15440735434961,1,1,224.39969045751235
23.748221167963003,78.95681633811704,1,0,225.19740528446476
-0.5542483106986413,81.68219978180616,12,0,285.11790428821007
30.412443024832122,80.79086032141669,23,1,271.8112457550995
-0.7687161783096776,85.13559201837327,14,0,328.8814027454428
-1.4190525701350047,45.134461210401696,1,0,240.93146862829394
-8.35526494683573,75.3025157247767,6,0,287.1143549315812
11.243012529949965,57.632369836448404,2,1,179.39826274942308
15.41785099681774,80.5199131734037,7,0,278.0427389674046
-7.043111225724143,73.70944062969679,22,0,360.7322702403265
24.898742751275478,76.58684678998347,13,0,258.22092037826815
10.397997563661242,69.36971026086428,23,1,307.15399471762424
13.597562119741102,40.645726168182414,22,0,311.36739953375087
9.834323612220267,62.7016151338163,21,0,326.8462880573821
8.03433773938967,89.0801843714705,6,1,225.53582360051885
15.183814908869806,86.24328398982713,20,1,287.7975532381125
-3.0141889331179375,32.5904241478207,6,0,236.13965167259917
-1.8132341277128,39.888888943766226,0,0,200.8976998559022
28.78035294560828,37.903726407273716,16,1,237.29332463372822
32.575195796013475,73.55879459911773,8,1,191.6603720323762
6.798919232588883,79.0671197914167,20,1,300.8978902079537
2.1835102914599194,42.81068197864032,12,1,211.7336872494659
18.97997944575571,60.351161577109735,20,1,277.70585825063887
8.39303769941434,80.44218168067201,18,1,269.809249610878
-8.857613995284481,73.96809268597504,20,1,298.1771948337785
-2.9731331185214334,62.5342323295109,18,0,324.7762183280578
22.21875029813289,65.42086142752638,21,1,249.71260210842595
19.651577385956813,60.5016328149768,16,1,240.74747485516906
-8.780680337343243,47.85290707912924,22,0,345.0523988403622
-0.011252713017274374,63.90131957154097,22,1,317.8734774338047
0.3983658464632125,71.33311812300545,9,1,262.76917782389995
20.23517346194278,82.39937495164847,9,0,278.06966417553383
-9.113025801053613,68.1774812387549,3,1,188.79055463001612
-5.315113810694177,75.66729222258948,7,0,266.7788143796867
25.996223841793523,39.60429809727438,21,0,251.68451182861148
-1.9654902075549874,57.693448465187394,19,0,308.8918254274007
19.37357485333436,30.559897189625598,19,0,271.47681315125385
0.718225147102693,44.80073187129738,17,1,272.48145244339884
-5.525137325829467,73.5877029067803,13,0,302.28255892474624
0.9427485949754342,89.5085970809618,17,0,320.9591245837881
22.50201193350466,35.95068597523296,13,1,211.94879533535592
28.50634106478286,54.08965895167729,19,0,253.6456732005472
27.359893905514625,78.00425812194956,20,0,285.3833909082449
7.873258832830466,42.24213807773393,23,0,316.7578314023607
20.063831145679078,63.30509695813718,14,0,268.5207719310798
-0.7757067062880569,73.98427776178049,21,1,304.3100087937055
3.1916478617455972,66.95912701561073,3,0,266.20183856118257
30.33511183345039,41.28148407692497,12,1,208.76311670450332
-9.414913442016879,51.323074121144366,22,1,298.2442568562185
-6.152116111548937,77.02750706912383,7,0,278.8219918101133
-0.6451185184287702,63.253590847921,17,0,312.65288614522177
-8.806050825678113,30.313776812574766,11,0,275.6536768969934
-1.8354054209591215,75.65944560168563,22,0,354.6705683195952
16.236870243636147,32.118681296414344,13,1,188.80734198818934
8.964104776662406,74.74402696387392,1,1,202.1365721370406
30.170226998463868,42.14883360991425,17,1,246.2223381679917
26.78496027822984,87.48440880716282,23,0,314.5171558761594
5.38178082640442,52.07644507812507,1,1,178.62508492268847
1.6740545044081614,49.615896980284745,10,0,274.6525304416602
7.086158367527009,38.93328301994668,8,0,264.12819361308595
16.56327241316635,48.33625292941289,11,0,249.45881209269825
2.0628638370294325,82.59904570969204,16,0,332.2144045908279
18.08670085321103,89.78006025763483,14,0,295.0873989357995
8.42352434860582,52.098571830410904,16,1,288.8381710523671
14.842123138339112,56.916637857272555,17,1,246.2652039936932
9.62569381108925,73.32425629216422,21,0,297.58358071363574
3.250959179386296,83.17174682790447,5,1,200.21534783459006
32.68039881329705,65.58266005120706,16,0,263.9496553666603
24.36226073718924,53.491541890669765,22,0,315.6206112498623
-3.694907090509635,54.75731045091742,23,0,338.1333787549123
29.081058915406075,71.73708878980841,17,1,233.78296927366515
11.934403921228114,30.193095816256722,7,0,242.46758308625985
30.25485021023411,67.17536024759045,8,0,213.7269157952672
25.993486517629186,51.329580626481444,5,1,162.50551954887467
9.134607701115506,77.65183987662505,4,1,187.60810807248538
-8.988881125594716,35.57943838938793,11,1,263.94646227632444
2.0904811723225727,65.29213601690343,10,0,302.6354384269133
14.373539659739013,58.858373393167426,0,0,184.17765236457927
18.506519892176627,68.53953155431364,10,1,214.37720345406854
1.604945844494102,33.8912156689781,18,0,325.64707369372206
-3.7289766667229145,64.79902724568788,8,1,243.97340637726188
27.571860655968457,63.689075277571426,1,1,148.14815815984662
34.29809813165985,63.639605664970254,11,0,212.1802238408319
13.656058203620862,66.20925999578729,3,0,244.91471096980533
-2.2744321368263423,70.58807623358173,3,1,219.11341454619784
2.2538296933716033,78.29933998084618,17,1,258.67412963423936
-9.172419555363996,46.18924320769286,14,1,284.7016167450173
31.143446295222454,79.50296461080373,18,1,219.03025943620014
-4.701201269943649,59.89534093580722,12,0,293.6921800603079
15.94324139814141,34.62349674805987,18,1,239.4276657262359
2.33248493092427,33.51305575463875,16,1,277.5335204136505
14.938010113210705,50.05429912176365,5,1,183.7044415128635
19.31391747583389,77.09381862668806,15,0,280.6063928050823
27.33838116682407,72.46085608445495,23,0,289.77668111852597
-0.7110427707728562,77.31689788034438,11,1,245.11904791045237
-9.505187710368379,61.03614338649656,18,0,322.5164213455912
-3.8401466469036727,56.41193987732943,4,0,242.48785441894984
30.500838883164732,38.84715160237704,16,0,253.76658534981954
29.325053490313188,49.69156521655869,22,1,214.34555658517067
16.883589597663875,56.04116197043251,0,1,140.04174290746695
17.023258719514402,35.31602578077703,23,0,305.45784170700955
19.926650354581497,43.236717162672676,22,1,263.5472032960231
-2.1082924619447683,65.89351764382434,9,1,237.60770553517094
31.14853756662319,74.1397868543514,14,0,259.7351697304665
8.84467362014329,89.90085068357698,22,0,335.54666570674476
7.241233771227385,85.98679988061346,20,1,291.8539802350207
13.35129673772769,68.5539119721115,20,0,320.7621441833974
-7.886531495122523,55.27488319764432,10,1,255.87424477182086
-2.517248405976426,68.17064188249395,12,1,247.5268173783342
23.211512739186666,77.13909708481393,4,0,237.4787005273712
-6.274059943369309,37.10017145540324,0,1,190.31780606030537
17.14184492598747,54.59429338177729,23,1,295.067588647004
1.040709935659443,80.38813713813704,11,0,315.12609013458564
7.518302631888943,53.02997711598264,10,0,243.59663378955923
2.991218154681494,64.31233627363119,16,0,294.7839278217627
6.005272240922711,65.26616165173189,3,1,210.8283930640401
22.357065733291044,41.06857518801836,14,0,232.02530269213838
3.370477203042876,51.734126499137304,8,0,282.11400188540495
15.488208813360373,50.07067732451593,20,0,296.64479252002747
11.422268098959485,31.571802511923888,19,0,302.277994634158
19.865202441319166,31.451505833481313,18,1,234.18208931185023
32.15733826961411,79.9018226205464,18,1,220.8290609890967
22.965744374461266,46.38424859836874,11,0,259.5766767694721
-0.3276829634159455,61.084725974328926,4,1,252.29473289034834
-8.59675892224219,47.92353441532639,9,0,274.1317814456911
1.8018819934921293,86.44075470692043,16,0,315.68217610054336
16.77850688151147,45.55780553194643,4,1,137.8746492947001
-7.685838393208734,55.779408764336104,21,1,324.691005523823
12.336481124055634,82.36381502907611,15,0,311.3536656710846
16.857928201260016,80.51601400750852,6,0,218.9703567710405
5.040975086763236,41.16608507077664,8,1,182.04829797454016
24.69104916856199,78.15859858774263,2,0,182.80425629354937
-5.2030786089802685,57.49121320427356,14,1,276.22776139619947
-6.618799821888606,58.97813232512131,15,0,325.59213718960484
22.76849402916215,38.00879834495663,17,0,256.00164896320325
12.29710922927893,34.836090825427476,13,1,231.46128203953734
20.97810783924812,73.6763584184259,2,1,177.75417426520806
9.56723023716858,59.787669141317984,11,1,225.03394361209286
1.088091495759807,56.21104215691077,8,1,241.02633623509516
26.85960429533899,73.7704937191438,6,1,168.52180639814284
25.97371455360407,75.93077393946658,8,1,216.2179033432356
21.261341188449205,39.53449006016122,12,1,196.94740993719148
2.2465311753483217,66.61350896865848,17,0,341.66000795081237
16.56038000910892,38.12124493666113,4,0,199.14046210244518
6.243825362301205,75.08250516174274,12,0,282.90193335841764
-5.878806700301463,69.41730937602837,3,1,219.40567180160167
31.279110895800926,87.39687726500748,1,1,162.5645505061396
-3.843161608646737,34.13748098138527,15,1,265.19591041293415
32.76068092193611,33.423283269075256,8,0,188.2853839779333
10.070259783108007,46.93122448159201,8,1,207.80053644243446
